{"Accuracy": 0.8927762396174176, "Precision": 0.8823529411764706, "Recall": 0.9071518193224593, "F1 Score": 0.894580549368968, "AUC ROC": 0.9548849716353011, "Training duration (s)": 1.688297986984253}