{"Accuracy": 0.8672287943619431, "Precision": 0.8538647342995169, "Recall": 0.8870765370138017, "F1 Score": 0.8701538461538461, "AUC ROC": 0.9387681716053985, "Training duration (s)": 0.09136795997619629}