{"Accuracy": 0.8702491819783539, "Precision": 0.858495145631068, "Recall": 0.8875784190715182, "F1 Score": 0.8727945712523134, "AUC ROC": 0.9398338315514787, "Training duration (s)": 0.10554981231689453}